9.7962,9.8861,10.152,9.8113,53.49,-10.874,61.819,59.344,43.894,102.52,57.169,69.465,54.133,38.028,87.588,89.418,75.05,56.698,36.155,33.759
10.079,10.056,9.9385,9.9847,73.248,84.861,81.108,4.0673,28.81,47.944,45.053,50.783,41.348,-2.7231,12.456,83.323,67.128,60.128,59.662,48.793
9.9304,10.132,9.9222,9.8114,47.829,78.474,53.418,47.381,39.503,40.559,52.025,78.636,6.9943,109.17,47.526,59.204,44.713,140.56,35.929,72.786
9.9846,10.098,10.018,10.178,11.209,94.57,67.621,58.897,32.411,7.3353,53.998,27.404,61.628,32.193,53.94,86.778,133.16,31.568,68.525,41.306
9.915,10.047,10.085,10.016,27.159,111.32,103.08,34.941,37.379,68.712,53.832,63.548,66.68,97.362,62.629,71.659,102.78,67.795,34.655,11.776
10.107,9.9952,10.13,10.024,103.18,52.401,46.701,60.045,73.939,47.547,60.045,74.792,66.434,96.372,93.29,61.898,49.17,14.855,60.578,86.706
9.8537,9.9246,9.9488,10.008,30.322,34.168,32.642,88.197,48.751,66.39,18.167,66.97,68.627,77.133,81.415,79.037,45.836,79.861,64.409,28.497
9.9911,9.9908,9.9684,10.139,36.353,58.881,6.7042,63.308,31.551,25.418,37.516,27.216,80.117,70.476,20.381,21.57,70.103,72.019,9.8446,35.576
10.275,9.9965,10.03,10.004,87.673,56.6,75.728,83.105,40.739,98.226,63.655,66.06,26.789,56.012,21.191,26.316,34.046,79.86,72.971,86.117
9.9521,10.006,9.9976,10.119,10.15,45.007,34.578,107.64,69.174,75.306,51.446,32.44,66.774,44.589,80.666,50.766,82.6,37.979,58.767,79.125
9.9597,10.085,9.9432,10.084,71.157,44.574,93.096,99.891,70.007,61.629,38.198,50.198,68.138,37.009,68.86,36.907,57.203,37.2,85.574,57.011
10.155,9.9403,10.066,9.7951,36.891,19.381,52.187,60.54,70.258,38.319,71.244,34.996,36.693,30.922,55.405,28.624,64.884,76.66,81.727,49.582
10.168,10.11,10.012,9.9858,28.261,51.372,45.927,98.917,68.204,62.459,77.171,78.594,49.179,32.425,48.676,84.372,14.209,65.163,105.56,-1.6823
9.8775,10.015,10.081,9.9357,78.931,9.4925,32.941,3.913,37.357,44.794,40.082,-3.5976,25.591,101,67.783,37.767,54.646,96.696,67.783,26.59
10.009,9.8646,9.9791,10.168,54.221,57.923,34.393,51.179,81.762,87.83,20.186,55.739,61.681,-11.735,35.981,71.945,59.885,75.124,85.898,45.991
10.053,10.063,10.075,9.8705,59.904,68.562,11.783,68.92,-20.225,13.387,81.891,45.557,39.765,43.817,114.5,-2.4941,9.0649,129.38,32.244,50.754
9.9629,10.094,10.072,10.047,60.094,70.105,68.16,60.212,38.781,48.379,42.326,18.303,107.52,38.048,48.684,75.364,13.656,94.595,89.294,58.072
9.9437,9.8587,9.975,9.9553,56.499,76.977,37.286,41.846,55.401,92.465,32.027,53.744,63.983,77.444,49.045,32.857,16.509,9.6683,99.078,48.349
9.8385,9.9831,9.8689,9.9071,24.343,65.872,69.355,-13.202,80.695,112.73,102.85,38.389,40.839,57.876,38.854,-17.822,71.978,5.2044,31.673,44.362
10.035,10.087,10.045,10.018,15.244,76.414,-1.1663,51.095,44.775,54.743,82.381,81.568,28.208,21.11,57.005,31.455,71.488,35.672,40.379,50.5
10.113,9.9281,9.993,9.8575,65.711,49.612,60.427,12.505,47.059,63.668,22.762,-8.3075,-29.947,88.778,54.268,41.996,-3.5737,11.455,106.19,21.424
10.037,9.9983,10.119,9.9244,33.688,38.502,22.332,31.448,64.275,56.645,102.12,57.936,56.724,97.634,22.82,80.972,53.683,41.545,58.63,45.576
10.033,9.9358,9.9746,10.161,100.27,91.874,2.658,74.936,98.004,12.058,-0.44603,66.138,26.474,58.568,77.92,62.358,1.3021,84.633,-20.107,20.714
10.204,9.882,10.039,9.9491,41.11,-5.3404,42.888,24.499,30.459,28.023,67.638,-13.59,56.971,53.552,29.614,34.112,50.635,86.851,122.39,63.152
9.9458,9.9863,9.9938,9.9547,61.429,16.732,68.632,75.292,47.784,51.946,81.517,74.876,4.8589,61.39,23.448,55.591,61.955,30.217,31.285,55.197
9.8909,9.8301,9.942,9.9446,106.32,26.098,81.225,26.953,61.395,33.813,42.648,88.414,73.481,36.427,64.185,42.358,-9.0749,90.078,105.92,10.642
9.9975,9.9577,9.9976,10.133,48.61,67.6,87.308,108.39,65.675,50.442,1.6516,72.788,29.987,91.754,35.883,47.915,89.887,67.7,40.58,33.469
9.8565,9.9978,10.046,10.207,60.694,8.9058,38.551,81.436,56.701,69.812,30.656,100.46,62.181,-5.6964,41.202,74.94,47.955,45.866,66.932,82.574
9.9486,9.9856,9.973,9.89,44.234,48.674,20.977,16.571,70.798,75.833,33.301,69.194,27.041,94.337,6.2658,70.762,13.832,74.365,103.42,20.795
10.16,10.034,9.9477,9.9455,95.935,65.053,141.76,72.226,12.926,10.316,69.395,-9.9962,47.9,26.684,30.866,3.318,123.07,91.345,48.401,102.49
9.9242,9.9225,10.065,10.231,57.671,39.966,33.377,118.09,44.845,36.102,48.719,18.173,86.311,25.35,68.734,88.333,107.52,40.559,-20.244,69.196
9.7759,10.134,9.9095,9.9665,84.932,70.27,28.688,-29.465,34.98,41.778,50.574,90.784,52.052,54.847,43.344,79.953,61.515,49.286,48.915,10.519
9.8864,10.021,9.8621,9.8184,39.242,69.099,64.355,35.383,78.565,90.42,78.91,41.838,59.704,60.247,48.525,46.814,44.111,55.248,53.889,98.55
9.8587,10.16,10.011,10.036,1.6197,121.6,17.518,11.587,55.572,60.939,30.535,17.2,87.534,66.469,20.003,23.114,79.859,39.012,57.196,-9.6567
10.028,9.7858,9.8836,9.9096,49.086,7.7252,29.846,60.136,11.552,19.846,25.566,-13.595,36.682,68.198,-0.56658,43.682,76.563,64.401,57.35,77.236
9.9984,9.9052,9.8473,9.7898,86.079,33.932,3.8594,76.375,65.826,32.13,41.594,13.814,63.791,9.7355,24.976,56.295,-22.727,64.911,57.638,64.454
9.9985,10.022,10.01,10.013,72.657,79.389,43.969,55.859,53.186,28.051,9.7963,28.891,82,71.079,33.892,5.3788,22.545,88.161,45.326,63.589
10.063,9.8904,10.056,10.053,43.273,45.482,15.988,50.222,65.291,38.191,14.602,67.471,84.216,70.514,36.844,37.663,6.7006,52.657,29.976,108.05
10.145,10.085,9.941,9.8972,49.911,42.335,61.745,59.957,30.706,78.119,42.859,68.577,69.006,71.176,81.878,50.169,34.405,27.089,4.0241,25.297
9.9157,9.7501,10.044,9.8245,22.059,28.824,55.695,18.082,21.27,54.802,27.021,99.776,130.36,55.363,40.931,68.456,83.216,47.499,92.296,61.602
10.105,9.9158,9.8646,9.7903,71.09,85.016,28.289,19.642,70.461,34.859,24.226,80.33,11.82,58.96,88.929,78.875,4.9333,46.963,25.258,48.571
10.054,10.109,10,10.132,25.649,73.175,38.411,73.294,51.404,69.213,38.445,27.106,24.716,24.645,95.483,86.505,36.683,36.745,10.539,31.772
9.9398,9.8837,9.884,10.063,59.966,76.207,32.752,33.797,39.165,69.171,88.37,52.887,58.802,49.666,54.457,102.43,70.203,127.73,75.18,-1.5418
10.071,10.035,9.9056,10.097,16.019,55.989,55.096,95.245,13.725,-21.376,87.446,61.466,36.397,74.01,34.074,23.819,-40.22,39.397,35.86,84.048
10.157,10.103,9.9079,9.8933,52.656,-3.6558,30.212,80.441,22.489,43.174,57.152,66.284,64.751,5.1711,53.224,18.566,94.616,51.811,84.006,64.075
10.185,10.161,9.7702,10.074,97.392,113.83,58.188,21.222,79.377,117.29,56.448,13.466,8.7563,38.197,37.37,90.134,-12.959,30.389,90.585,65.997
9.8989,9.9636,10.072,9.8838,53.631,26.053,24.394,61.115,50.638,61.762,27.102,27.666,52.387,10.212,43.244,5.6489,46.521,49.763,-11.015,82.348
9.8612,10.227,9.8256,9.8956,62.26,66.763,67.707,71.782,41.357,25.361,19.26,39.159,75.652,90.143,71.387,25.379,42.876,38.91,74.285,42.541
9.9501,9.9522,9.997,9.9686,41.843,97.802,45.012,55.832,14.733,40.103,29.776,46.739,19.696,63.701,73.361,82.049,54.109,52.234,96.003,60.714
9.9372,10.161,10.033,9.9915,12.197,54.5,-11.801,32.343,72.008,81.866,83.424,103.13,39.756,88.936,11.399,2.35,70.52,57.74,76.964,72.426
9.9258,9.8268,9.9082,9.8941,88.651,46.543,55.758,81.201,12.987,39.274,78.557,61.713,-10.636,38.845,16.322,72.511,3.3929,41.176,75.213,56.89
9.9149,9.8794,9.9964,10.045,94.738,71.406,78.519,143.26,55.724,67.893,75.32,20.004,24.989,66.733,87.713,82.093,86.835,58.713,68.37,92.698
9.9458,9.8453,10.216,10.003,60.406,39.719,88.149,52.121,30.259,46.289,38.739,53.294,59.158,68.096,35.097,16.726,48.952,130.73,64.629,11.662
10.201,9.7707,10.102,10.004,61.52,28.328,56.917,65.65,49.778,49.546,79.708,50.684,88.779,80.874,33.374,75.132,55.293,86.18,89.187,60.662
10.039,10.053,9.9568,10.175,59.791,-16.717,94.601,98.511,31.694,40.982,51.238,45.71,87.634,57.416,95.589,-3.0215,14.329,73.624,56.351,19.373
9.9011,10.043,9.9277,9.8508,8.2268,43.732,70.861,36.297,3.6859,39.438,16.499,92.797,57.706,65.856,73.39,30.272,48.518,21.983,92.57,12.676
10.108,10.03,9.9721,10.069,53.986,54.588,113.49,24.497,21.473,47.025,82.226,109.22,31.884,0.92521,87.179,49.206,60.402,70.568,21.059,24.584
10.078,10.022,9.9041,10.015,71.832,95.372,58.016,54.701,17.669,72.726,29.594,54.201,7.0199,86.831,34.547,40.979,53.227,83.894,89.399,71.163
10.057,9.8043,10.051,9.9262,13.04,70.826,64.46,-15.134,127.26,80.046,32.176,58.645,73.729,35.155,99.002,60.443,64.229,-18.096,48.961,13.213
10.01,10.12,9.9641,9.9077,82.957,81.224,63.143,24.504,76.899,28.022,32.249,13.482,61.344,29.556,36.639,54.745,13.232,58.081,98.47,84.097
9.9557,9.9104,9.7525,9.8179,23.905,43.54,66.81,22.86,25.31,46.956,84.892,80.855,33.15,0.054843,53.568,76.008,-17.642,129.02,13.51,57.313
9.95,10.041,10.136,9.8842,46.937,91.806,75.07,80.535,96.06,37.4,13.088,24.555,42.644,52.952,24.334,14.679,47.195,20.866,37.327,25.088
9.9073,10.055,10.019,9.7937,23.99,77.711,82.122,34.612,104.07,24.177,59.194,57.521,52.152,52.341,54.708,35.177,16.509,17.098,19.994,83.127
9.9209,10.02,10.086,9.9703,40.156,39.6,20.293,22.913,35.245,96.449,55.247,58.325,27.036,60.525,41.275,92.469,46.675,90.396,51.807,32.729
9.7794,10.073,9.9736,10.028,78.903,52.844,11.01,34.611,26.683,54.935,70.621,45.431,29.592,69.219,63.932,63.783,60.861,3.8785,67.613,38.583
10.065,10.013,9.9473,10.03,22.877,6.3606,90.258,33.32,-25.819,47.332,67.863,64.557,41.485,40.951,15.549,57.661,6.6121,36.133,2.4037,59.556
9.924,10.048,9.942,9.9305,62.812,24.097,79.124,86.853,41.069,110.75,80.493,52.094,32.996,82.22,15.456,49.649,-3.7252,60.793,11.569,47.461
10.016,9.9198,9.7601,9.9795,44.029,60.734,24.506,39.207,32.707,58.479,81.647,115.2,91.622,36.408,22.232,93.451,21.047,39.726,110.72,100.28
9.9306,9.8784,10.056,9.9624,56.434,25.649,48.518,20.64,100.31,49.567,38.505,95.31,57.012,13.709,27.275,112.91,23.79,46.863,71.234,33.647
10.009,9.9537,10.239,10.095,37.43,43.914,105.72,71.705,25.619,43.895,82.462,115.29,67.324,37.63,24.322,12.876,43.23,52.956,61.702,93.323
10.074,9.9022,10.01,9.9795,86.496,86.911,15.173,61.989,77.564,42.444,53.251,79.51,114.68,29.193,33.268,57.296,41.446,34.742,-1.9413,63.412
10.033,10.044,10.057,9.9814,95.684,29.142,59.915,73.015,-1.0261,18.01,86.879,53.388,38.908,54.781,1.8353,87.775,80.517,49.499,16.094,66.092
9.9815,9.9659,10.118,10.026,51.866,46.6,8.2894,32.016,36.167,57.596,90.665,55.904,41.166,62.867,23.176,62.884,45.545,16.697,67.728,39.543
9.8163,10.02,10.031,10.035,-7.9048,17.713,55.219,9.0148,36.743,105.35,77.241,56.084,10.511,16.159,-12.468,-30.37,72.116,-11.907,41.359,85.523
9.9861,10.044,10.107,9.6556,51.869,72.036,59.272,58.197,57.164,-23.443,39.793,77.565,64.081,58.832,1.0062,26.83,41.995,82.584,83.197,56.175
10.022,10.059,10.136,9.8162,91.251,66.639,44.515,48.352,47.611,81.959,57.609,40.695,35.406,34.635,62.765,36.25,10.724,-8.6424,104.44,53.973
9.92,10.012,9.8882,10,54.733,4.9328,78.406,48.421,-4.3475,74.939,52.003,59.638,27.431,77.19,15.482,42.381,71.183,34.129,-26.014,34.313
9.8742,9.9827,10.057,10.095,39.106,24.134,45.898,35.822,36.537,89.461,56.466,25.989,69.594,28.064,45.954,88.076,27.931,98.59,82.35,78.195
10.011,9.9472,10.115,9.9286,46.967,33.353,85.767,60.636,54.59,61.772,30.631,80.628,8.6078,47.4,27.816,111.09,2.3982,-17.786,40.471,9.1356
10.189,9.8355,10.006,10.024,-40.017,-29.444,83.043,52.821,4.5641,56.564,52.359,35.201,-27.397,34.774,74.146,64.36,64.291,54.202,26.593,26.244
9.9478,9.9931,10.033,9.8519,43.389,11.953,41.698,44.524,17.683,77.031,49.605,10.152,100.3,42.246,-20.448,77.83,67.859,79.84,83.008,69.889
10.217,9.9513,10.088,9.7752,36.061,26.382,57.851,39.245,81.453,26.42,90.405,41.623,90.024,65.754,50.405,87.135,63.724,103.76,12.816,67.564
10.042,10.042,10.114,10.01,38.303,66.53,56.346,-22.888,65.49,-40.982,56.648,34.166,70.193,27.905,96.47,34.631,27.542,47.697,48.835,43.49
9.977,10.062,10.012,10.08,48.106,43.146,79.143,86.862,82.489,54.153,-2.1018,24.137,-5.2032,8.5035,77.142,29.346,50.602,42.758,72.788,29.126
9.9731,9.9476,10.058,9.9317,8.4326,15.895,87.505,72.84,29.884,35.444,23.09,32.515,37.842,20.538,70.087,54.199,26.361,-11.1,98.06,3.6437
9.9642,9.8869,9.8347,9.9789,2.4343,42.203,73.93,48.229,-11.62,85.503,57.779,69.084,118.61,9.5697,37.716,66.201,53.409,58.004,72.149,159.31
10.01,10.047,10.06,9.9541,67.782,72.294,50.837,119.38,42.352,-2.5042,14.807,47.834,74.56,64.246,151.55,14.252,36.298,26.12,26.748,26.946
9.8623,9.9768,9.8435,10.035,29.184,46.05,23.288,86.582,39.817,13.983,40.245,2.6862,28.398,56.116,47.078,73.551,70.6,27.07,105.98,43.656
9.915,10.137,10.03,10.033,35.379,10.44,11.316,33.975,59.95,49.092,83.242,93.464,33.222,72.101,80.955,43.611,44.077,59.744,62.41,27.487
9.8717,10.094,10.005,9.8981,71.257,140.21,83.152,2.2804,80.921,59.208,68.411,56.584,39.147,26.54,101.49,32.139,35.53,45.229,61.111,55.937
9.9865,9.9896,9.9425,10.282,40.435,57.403,110.17,17.639,71.738,74.833,38.319,72.95,40.853,60.373,42.036,80.782,56.044,31.67,65.168,45.641
9.9927,9.8306,10.034,9.9815,71.022,95.511,58.171,15.382,86.937,63.821,72.256,15.925,20.494,32.651,50.815,53.354,11.307,13.244,9.8149,-2.4046
10.043,10.025,10.091,9.9497,57.067,130.78,47.944,65.744,53.403,77.15,32.178,45.281,109.97,68.257,39.203,40.003,43.424,53.058,64.507,3.1986
9.972,9.9319,10.02,9.906,40.798,87.336,78.217,52.496,50.947,51.63,21.96,84.53,79.277,67.047,19.614,40.256,14.73,23.749,107.7,32.501
9.9653,9.9563,9.9396,10.079,46.564,46.613,-0.59244,94.05,67.531,49.28,71.392,16.251,61.498,55.835,71.906,39.531,33.992,26.507,83.777,95.885
9.806,9.9428,9.8827,9.9927,20.315,-11.486,42.195,14.264,77.443,74.378,79.85,62.841,95.932,107.65,47.544,80.123,82.482,61.615,40.005,36.384
10.136,9.9087,10.039,10.003,68.608,3.9373,-10.161,58.996,41.135,41.051,-7.1117,98.839,21.641,18.091,-6.7973,-3.2807,56.939,88.556,32.497,67.12
9.7949,9.8694,9.8787,10.168,80.493,35.966,62.893,56.102,75.251,-5.0853,72.174,28.677,51.44,43.58,48.61,35.654,36.617,39.013,-9.9061,70.404
10.217,9.9972,9.9096,9.9662,70.855,54.473,50.881,37.748,28.449,108.44,3.6956,-12.019,53.062,50.193,83.066,-8.4117,61.736,54.812,75.157,86.035
9.9341,9.9765,10.003,9.905,61.215,104.64,59.905,12.389,39.47,78.333,61.456,-10.621,14.881,55.622,44.111,79.006,58.654,35.648,31.842,74.782
80.322,20.956,55.602,27.141,9.9414,9.9913,9.9249,10.083,59.773,58.068,99.702,47.382,70.219,72.343,63.055,7.8582,37.801,50.367,22.843,68.61
91.322,49.054,7.4649,62.819,9.8732,9.9574,10.073,9.8787,52.621,39.02,56.788,92.026,44.072,93,44.899,25.158,12.147,20.176,71.161,66.995
24.775,77.537,81.007,63.58,9.8284,10.133,10.07,10.058,-23.584,57.585,75.797,39.994,88.194,30.008,-11.215,20.364,103.84,23.039,61.001,56.783
49.202,47.038,106.95,79.247,10.081,9.8515,9.9627,9.9656,94.961,80.187,31.99,43.504,70.902,54.918,34.188,81.454,51.501,38.306,50.871,120.18
57.867,81.791,59.24,90.108,10.126,10.063,10.033,10.078,75.645,83.862,21.585,-1.1354,32.778,-10.443,43.821,48.069,99.401,91.991,74.528,67.555
82.984,63.928,-15.651,94.377,10.035,9.993,9.9824,10.023,71.678,82.302,2.9875,59.951,92.954,0.49732,4.607,42.88,48.587,26.872,70.937,42.528
82.86,29.803,106.45,-9.9023,10.186,9.9277,10.054,10.029,49.382,21.363,76.522,54.243,84.809,54.018,-7.1583,32.274,87.087,35.916,21.486,39.244
53.856,94.284,11.599,51.088,9.8424,9.9128,9.9637,10.146,52.967,68.507,36.039,70.457,77.1,49.342,72.549,75.169,67.84,92.283,10.976,90.395
54.082,55.691,11.919,11.58,9.8656,10.008,10.038,10.006,18.002,34.732,78.671,28.765,76.321,31.179,61.63,7.9614,49.778,19.197,44.394,74.041
33.711,8.498,24.155,72.048,10.09,10.1,10.023,9.8497,57.646,30.112,53.018,94.231,38.489,2.8393,26.517,30.056,1.9811,67.621,91.543,33.641
55.695,26.454,41.928,31.795,10.194,9.9621,10.049,10.175,65.426,-5.0145,15.72,45.441,5.9204,38.591,-1.0727,68.082,27.848,25.368,60.963,43.999
-3.0443,19.506,8.345,30.78,10.015,9.9108,9.9308,10.036,65.46,68.876,75.344,-0.40422,69.998,82.907,82.313,1.1109,39.479,48.216,21.423,22.429
65.782,-19.503,141.47,32.809,10.017,10.109,9.8514,10.044,28.484,88.061,63.809,43.762,76.416,60.769,78.788,50.459,79.479,56.539,40.98,37.601
119.12,46.659,22.044,22.535,10.116,10.01,10.016,10.059,48.98,-15.536,52.359,91.863,80.304,24.923,32.089,35.716,77.36,69.497,-20.586,54.934
83.779,56.719,76.537,38.958,10.048,10.152,10.024,10.007,53.382,15.129,24.683,64.544,18.55,48.771,47.841,102.36,58.242,44.553,36.409,30.869
5.2671,64.804,70.542,82.637,9.9559,10.053,9.8337,9.8293,46.674,107.65,10.092,-4.6423,32.475,82.43,64.423,84.043,47.711,29.968,4.8124,32.649
88.981,64.04,24.602,72.779,9.9378,10.042,10.078,10.024,-11.303,35.937,80.452,103.35,74.152,70.597,42.176,50.442,65.43,43.403,40.166,18.272
0.075956,63.539,22.397,53.149,10.042,10.004,10.114,9.9097,67.986,87.949,73.208,67.075,72.015,-18.553,54.795,60.255,33.681,85.365,21.144,61.184
88.045,26.954,100.46,42.213,9.9479,9.9768,9.9471,10.112,61.643,31.794,114.15,52.497,75.631,57.069,106.29,42.232,80.852,107.4,43.012,43.957
51.669,16.817,71.75,-43.341,9.8584,9.9873,9.9043,9.9098,64.543,85.513,83.015,49.209,23.826,73.78,49.889,144.64,28.329,59.764,6.444,6.3396
5.2505,59.858,16.964,31.179,10.018,9.8308,9.9436,10.141,35.174,32.616,45.667,43.959,74.974,45.169,87.894,44.153,5.699,83.59,43.019,64.111
17.04,30.382,41.6,60.558,10.05,9.9526,9.9042,9.9741,73,66.819,2.8204,42.632,61.842,15.644,77.15,-10.434,46.167,25.112,47.363,75.638
56.002,53.727,46.615,62.35,10.058,9.7734,9.9489,9.8204,38.657,17.467,36.971,19.621,71.716,54.666,27.521,32.252,5.1671,58.612,44.836,8.9226
78.833,32.625,69.132,59.049,10.131,10.053,10.021,10.002,20.778,16.511,109.84,84.856,-23.924,63.202,87.912,36.369,59.308,84.445,20.219,20.711
26.817,42.872,79.309,17.926,9.9723,9.9609,9.9928,10.141,21.975,76.088,63.127,47.146,22.776,35.844,31.557,2.1716,87.605,52.582,29.944,28.528
16.209,81.953,80.088,47.119,10.054,9.6894,10.125,10.06,88.117,45.02,63.152,80.111,96.225,40.499,63.235,58.413,7.9226,38.489,74.18,-38.552
30,31.693,79.253,28.245,9.8965,9.9232,9.929,9.9156,30.988,55.03,100.37,68.727,83.481,49.676,49.106,91.745,-0.50984,13.257,58.213,54.934
72.153,-26.073,58.932,86.067,10.267,10.141,9.8715,10.058,27.002,66.618,23.863,53.527,-0.50486,63.268,39.307,34.527,42.67,102.45,11.605,70.765
76.831,38.367,100.48,91.783,10.048,10.211,9.9734,9.7334,74.472,108.17,35.581,63.189,27.85,60.689,83.816,11.127,47.445,56.356,35.245,88.04
52.346,55.386,24.76,76.59,9.9519,9.9805,10.108,10.243,13.227,24.552,15.289,23.05,-20.793,69.125,65.264,27.92,84.95,73.437,60.333,104.05
93.525,83.488,112.46,45.942,9.946,10.094,10.116,10.105,42.123,7.3137,86.146,65.739,55.805,41.104,45.264,59.853,59.603,100.14,52.802,25.805
46.41,40.283,70.375,69.216,10.069,9.9953,9.8637,10.216,41.674,29.065,104.32,99.937,46.41,23.976,75.352,46.147,62.812,45.091,120.71,8.6636
68.777,49.599,93.759,23.495,9.909,10.111,9.905,9.8541,25.864,89.758,83.486,86.969,29.125,74.232,69.176,-8.7379,26.693,25.448,11.563,29.679
21.609,65.711,43.362,92.047,9.9835,9.9382,10.116,10.052,78.931,17.158,9.7106,60.153,23.39,69.959,72.174,66.862,49.507,47.713,83.721,88.84
58.436,68.502,26.787,73.179,9.9366,10.008,10.092,10.091,55.304,53.117,72.432,64.7,24.165,22.924,50.082,67.485,81.8,-0.10413,26.937,62.623
57.03,82.839,66.158,38.425,9.9877,9.9584,9.8401,9.9162,73.087,78.595,36.029,49.463,-3.0371,64.637,-5.7069,-4.2636,70.922,20.819,85.937,30.215
36.296,23.461,64.298,68.956,10.09,10.078,9.8197,9.9465,24.967,118.39,56.083,20.449,7.347,69.135,60.503,54.957,42.171,54.628,92.581,3.0595
39.213,66.47,64.701,47.871,9.9871,10.011,10.092,9.7914,38.8,60.354,32.893,28.818,64.501,30.395,85.213,72.658,40.406,44.625,48.729,75.477
69.839,32.589,56.175,68.145,10.04,9.9531,9.9603,10.076,76.386,31.391,75.749,23.489,56.59,91.733,36.545,66.959,122.08,100.89,45.361,42.171
77.167,53.144,70.407,29.106,9.8795,9.9042,9.8585,9.8582,5.8424,58.835,20.603,36.074,83.424,54.559,31.14,37.358,61.434,73.139,58.569,16.244
14.886,89.112,65,57.349,10.129,9.8241,10.001,10.138,41.875,56.048,61.797,80.271,65.664,8.1394,47.077,77.299,31.327,55.019,104.86,61.369
33.825,34.839,26.911,29.554,10.032,10.007,10.102,10.028,49.006,110.35,99.554,82.072,45.993,59.367,65.729,10.597,37.017,63.088,17.827,36.895
91.294,95.999,8.9943,9.8605,10.123,10.11,10.142,9.9005,65.954,3.0817,19.102,91.565,40.34,84.391,60.166,-9.2024,55.057,59.516,73.18,63.724
68.173,48.751,63.755,29.421,9.9593,10.225,9.7862,10.062,60.556,93.583,90.883,68.336,9.1002,28.212,37.455,80.302,90.909,57.836,30.203,24.489
110.85,32.678,55.171,35.407,10.097,10.051,10.139,9.9912,15.658,92.876,10.462,86.448,30.99,42.512,95.678,53.275,41.668,48.886,58.253,83.455
39.433,70.55,64.866,72.756,10.004,9.9204,10.002,10.041,-4.3684,82.632,11.294,-7.795,44.79,90.971,10.267,70.478,54.863,23.039,33.711,25.491
44.703,19.93,5.4839,17.867,10.126,10.002,9.914,10.095,61.389,60.007,74.515,52.006,39.222,73.565,8.2807,23.173,100.96,73.299,28.172,53.475
43.873,36.369,30.6,68.795,10.047,10.052,10.029,10.099,36.677,80.716,37.869,-28.87,-4.6283,42.569,124.63,98.406,82.376,57.304,-5.3579,33.063
45.229,39.618,55.996,22.453,10.065,9.893,10.046,10.045,54.43,-5.1302,101.13,86.283,24.633,37.498,60.314,32.3,35.813,16.166,93.348,75.202
84.576,23.818,90.346,81.695,10.143,10.015,9.9585,10.022,82.428,29.709,66.758,30.139,17.115,63.093,81.532,69.927,22.169,28.369,16.42,36.876
81.079,68.936,14.066,52.591,9.9828,9.9429,10.093,10.142,48.303,83.111,79.15,80.973,60.061,64.455,24.528,16.214,87.206,41.248,75.988,90.057
172.71,79.28,53.933,45.662,10.045,9.964,10.006,10.195,55.219,89.944,21.805,76.489,47.668,59.421,45.439,20.101,49.231,22.546,36.787,18.511
90.372,30.248,56.58,13.909,9.9376,10.008,10.108,10.052,85.514,20.982,30.173,36.583,33.513,28.635,102.52,22.795,46.631,56.31,65.747,90.665
-13.556,73.495,58.569,15.742,10.018,9.9765,10.109,10.231,77.81,72.539,112.81,24.238,18.589,52.386,47.66,41.555,8.7795,52.673,63.557,57.977
30.076,19.22,25.682,43.373,9.69,9.9184,10.012,9.8777,69.598,33.088,68.488,40.755,19.528,65.22,34.338,63.461,-29.628,18.896,13.293,61.04
58.112,66.677,25.498,88.125,9.9061,9.8825,10.172,9.8617,25.199,1.5709,4.9126,43.725,-17.942,93.93,51.889,80.534,23.573,105.3,45.766,18.38
28.761,24.287,33.546,51.75,10.015,9.9374,10.045,10.152,45.411,99.773,4.8605,54.057,90.989,90.652,-16.683,79.964,92.582,-10.057,14.974,59.444
40.181,24.131,52.061,19.653,9.8759,9.9106,9.9353,10.005,33.718,38.487,-1.0458,41.973,20.75,45.7,76.948,67.997,35.187,36.016,28.083,103.54
47.286,81.255,64.599,76.725,9.9451,10.063,10.042,9.8836,62.422,75.058,42.347,63.341,-24.49,41.745,32.929,67.643,24.362,75.028,55.287,78.238
36.636,37.758,112.05,46.865,9.8927,9.9603,9.9528,9.9832,72.501,-4.6619,129.54,17.433,38.505,40.463,19.831,42.258,39.41,100.25,29.082,38.128
-4.3487,14.827,2.0465,76.067,10.03,10.07,10.012,9.9629,10.427,54.135,-5.0706,46.334,67.015,107.64,35.353,32.058,71.009,18.49,18.338,71.551
50.716,51.425,79.735,33.342,10.016,10.068,9.9668,9.9656,41.707,114.04,54.201,39.335,23.548,82.805,40.265,47.589,26.7,31.707,-8.5566,30.538
20.496,20.096,81.298,55.684,10.031,9.9665,10.016,10.042,57.305,54.232,107.52,44.819,41.71,104.46,29.14,66.134,-21.627,103.62,40.474,44.664
59.023,-5.3144,46.976,7.8173,9.9917,9.7955,10.139,10.015,59.031,86.756,79.255,30.082,52.844,54.28,-10.202,32.143,28.215,60.489,92.856,83.102
-25.304,40.301,21.567,25.186,9.8988,10.08,10.143,9.899,52.05,30.501,115.66,34.135,52.46,72.922,25.839,100.15,83.386,21.451,90.219,51.342
54.313,-2.2204,39.602,70.899,9.991,10.02,10.094,9.9302,-1.743,79.506,-2.4397,55.153,83.918,-0.59727,47.839,97.279,90.018,58.569,43.332,76.022
44.774,45.235,39.912,65.992,9.83,10.019,10.032,10.058,40.921,39.953,47.702,59.861,4.9377,11.567,20.672,73.418,84.672,2.5475,63.574,38.112
60.92,-21.857,67.345,85.926,9.9315,10.203,9.9132,10.194,72.741,72.203,29.838,70.367,87.312,54.128,32.681,65.615,64.029,2.9914,43.56,33.826
34.012,26.94,57.323,65.185,10.038,9.8694,9.9871,10.109,108.88,46.799,34.111,44.652,93.662,22.196,39.611,23.819,55.381,67.586,30.171,89.547
17.225,39.418,71.489,55.391,9.8414,10.166,9.9777,9.9393,72.498,61.232,88.719,69.636,66.343,2.8865,54.495,-23.134,18.005,-5.1086,58.097,34.426
45.097,39.833,47.601,71.888,9.9843,9.8969,10.036,9.9987,3.2987,68.292,32.243,62.41,22.426,43.522,52.161,25.775,71.313,38.571,42.013,49.784
56.816,52.459,67.574,73.955,10.19,9.8694,9.9777,10.048,61.988,26.577,58.557,37.239,13.54,80.86,31.592,9.253,27.029,86.012,70.931,64.29
23.201,13.825,47.073,83.892,10.114,9.8849,10.027,9.8897,80.832,54.299,86.095,35.695,35.466,33.702,14.537,73.1,64.203,22.317,75.504,40.574
17.151,54.226,103.78,97.47,10.009,10.069,10.117,9.9768,66.52,32.791,65.796,70.93,37.078,42.436,13.075,98.859,8.9328,119.4,41.962,22.396
36.749,55.207,28.854,72.69,9.9804,9.9122,10.176,9.9573,21.517,77.815,92.395,-18.969,58.695,118.2,61.697,58.782,46.435,84.865,30.621,22.789
-1.1006,28.725,71.989,45.374,9.8947,10.075,10.053,10.035,33.986,52.312,31.309,85.214,78.03,101.71,35.663,37.659,87.678,1.2655,14.702,4.1221
-4.8759,157.42,117.67,10.176,9.995,10.01,9.8904,10.032,60.661,58.461,77.508,69.662,78.817,26.818,68.176,19.709,40.727,79.554,62.956,44.503
-6.577,85.584,32.561,30.125,10.014,9.9196,9.8904,10.073,89.535,73.242,4.6542,14.278,80.412,50.418,66.22,33.566,62.217,5.6027,59.464,35.822
59.614,77.754,52.118,25.374,9.9636,10.074,9.9772,9.9393,47.657,74.439,65.467,111.15,48.573,-17.134,78.01,71.02,47.968,16.02,64.667,36.723
55.185,50.417,73.076,33.101,9.9741,10.1,10.058,9.9854,49.634,62.7,62.489,47.915,45.551,65.215,68.767,49.12,37.371,107.61,99.026,53.95
51.774,-5.907,52.711,93.952,9.9291,10.137,10.052,9.9482,84.275,72.459,37.99,83.447,54.652,52.847,41.2,106.41,57.648,80.389,78.881,55.964
146.87,24.244,78.62,22.448,10.06,9.8191,10.038,10.038,84.365,27.147,68.287,137.56,63.492,61.395,51.903,23.992,34.93,110.92,32.724,62.321
63.519,31.97,58.885,70.056,10.102,9.921,9.8837,10.04,60.798,111.87,-21.077,28.708,19.874,90.348,58.775,-30.868,67.167,87.6,66.043,-22.41
69.075,57.578,91.011,5.4702,9.8126,10.009,9.8795,9.9685,15.381,101.59,104.96,54.529,70.221,67.184,47.437,54.285,28.984,58.169,69.037,23.111
44.29,25.765,43.512,40.951,10.027,9.8784,10.119,10.219,34.402,124.59,21.867,-40.179,48.409,7.697,19.796,19.176,25.828,96.186,74.511,57.022
1.3136,56.615,-1.8478,47.501,10.064,10.126,10.002,9.8402,68.822,1.7074,62.889,18.137,-3.3038,1.4303,35.88,65.843,37.076,-1.0391,49.71,98.32
89.28,74.208,73.68,33.124,9.8615,9.9916,9.9902,9.8482,78.69,57.4,68.373,32.914,31.654,55.537,104.22,54.491,79.268,65.502,76.334,81.718
84.95,40.365,39.194,80.403,10.002,9.9508,9.8687,9.8453,66.125,40.31,1.0876,78.866,52.288,31.121,37.021,95.757,64.629,36.944,55.096,52.577
63.56,11.816,51.414,40.01,9.9498,10.011,10.069,10.011,36.842,27.243,35.796,34.091,63.199,21.687,15.123,-5.1053,77.373,51.781,36.008,24.196
-11.117,54.515,68.934,87.157,10.003,9.9347,10.003,9.9303,57.362,93.439,0.56933,55.213,68.572,-17.408,53.907,63.627,115.18,83.584,82.949,80.312
70.604,61.26,-8.1899,30.01,10.149,10.07,9.9832,9.8822,9.0664,60.172,73.343,42.669,60.692,27.9,38.409,70.835,39.214,98.103,13.143,57.624
60.095,7.39,39.222,14.374,10.099,9.9312,10.131,10.029,74.657,-11.306,52.351,71.335,72.976,75.571,98.02,10.962,33.567,35.27,10.788,82.776
113.99,86.065,67.625,68.211,10.214,9.9701,9.943,9.9043,32.718,71.283,86.408,130.36,56.792,30.357,67.738,81.832,75.621,21.611,61.947,49.172
51.902,48.773,-18.419,106.83,10.096,10.056,9.8819,9.9199,102.87,19.091,20.266,46.921,37.624,49.835,64.745,116.56,44.492,43.596,41.821,37.985
29.249,29.093,16.494,90.151,9.9814,9.9439,9.9944,10,37.156,96.057,76.833,22.794,81.8,30.848,30.573,55.985,67.712,71.878,58.529,58.249
21.85,36.221,25.505,82.26,10.206,9.9048,10.304,10.012,39.311,11.159,57.514,33.83,51.509,56.778,79.783,81.212,72.103,45.636,53.423,41.377
40.883,77.593,35.44,69.467,9.9501,9.9636,10.009,9.9283,36.638,59.639,45.382,33.967,47.6,45.905,26.286,55.77,74.827,47.22,108.56,114.56
36.865,50.015,69.951,100.52,9.9408,9.9505,9.9127,9.8602,110.08,46.472,83.54,31.363,15.173,86.82,86.817,4.4742,46.279,72.039,6.7235,43.908
82.332,46.179,10.151,91.203,9.9241,9.9736,9.9275,9.865,64.553,43.896,4.3169,113.78,74.121,17.577,-16.042,67.141,108.65,29.504,13.281,34.926
117.88,30,46.215,40.545,10.197,10.024,10.027,10.136,3.7436,67.616,33.33,50.566,27.027,60.94,94.625,34.675,45.832,77.068,105.5,14.001
13.21,59.088,68.987,54.305,53.464,4.8533,37.816,41.126,9.9303,9.8619,10.039,9.8091,75.88,54.536,28.888,39.851,4.8104,70.58,33.563,52.576
44.298,18.995,64.099,23.506,89.544,82.55,21.015,69.315,10.002,10.069,9.8951,9.9197,11.46,-2.4952,44.461,64.534,31.087,42.713,34.593,-1.8813
43.613,56.112,51.905,45.412,11.056,67.161,83.265,-6.4762,9.9222,9.9383,9.9264,9.9172,56.92,59.437,45.687,73.65,73.713,103.84,53.124,94.594
-3.6104,152.26,66.687,73.773,23.021,55.758,117.6,63.842,10.079,9.8101,9.9188,10.117,37.973,18.406,59.356,0.31876,92.062,-5.054,66.525,83.449
55.263,47.825,97.267,62.238,40.626,68.55,43.403,7.0395,10.019,9.9681,9.8045,10.053,47.308,9.6821,58.747,98.786,39.3,93.857,27.741,46.471
34.865,31.324,53.769,19.523,46.027,75.973,27.168,46.791,10.125,10.02,9.989,10.128,8.0429,47.585,98.525,70.802,101.84,49.146,52.041,20.215
31.663,74.138,98.768,87.574,44.411,60.756,60.034,83.422,10.109,10.169,10.125,9.8943,33.205,85.269,47.533,42.837,54.259,11.931,1.4363,88.332
85.456,28.196,103.99,80.145,35.218,-25.876,21.677,81.148,10.103,10.03,9.956,9.9885,78.761,64.982,57.565,78.942,34.152,59.166,59.097,25.363
69.784,31.357,35.559,85.26,24.391,46.771,26.604,23.274,10.082,9.892,9.9611,9.885,119.17,95.168,66.849,21.083,80.636,14.585,33.642,53.331
28.183,42.599,38.224,59.497,4.1785,45.021,70.353,59.208,9.8483,9.9516,10.073,10.11,70.834,37.51,57.837,51.625,39.49,121.92,49.634,56.106
76.027,46.113,68.222,79.144,1.3358,63.061,43.401,11.656,9.9583,9.7726,10.164,9.9584,-5.579,50.205,42.666,76.328,13.689,68.807,45.593,31.985
38.912,56.584,27.453,65.389,73.406,40.978,65.859,47.871,9.9513,9.9931,10.12,10.066,35.966,65.324,68.003,39.17,-37.136,-6.9713,75.507,36.132
31.424,64.96,0.33892,66.526,-12.79,54.338,34.886,88.138,10.092,10.103,9.8579,10.069,62.519,76.458,22.269,42.569,72.153,27.437,97.428,75.015
49.529,53.062,58.152,48.121,59.21,52.898,67.623,-5.9081,9.9845,10.123,9.7958,9.9523,29.322,29.577,38.437,23.592,66.288,49.739,91.831,56.939
19.545,22.827,63.063,38.942,52.042,44.759,60.322,102.29,9.917,9.9239,10.077,10.077,111.83,37.575,65.199,58.622,20.391,35.949,30.046,85.69
37.845,39.967,55.916,9.0355,63.871,70.253,65.587,71.801,10.077,9.9551,10.007,9.9869,48.184,46.936,50.909,41.232,14.03,65.379,77.063,59.373
34.497,41.429,21.14,46.328,17.813,52.548,85.316,10.181,9.8997,10.11,9.8957,9.9779,88.552,48.032,69.266,44.197,-16.814,-8.3649,33.773,-5.1985
41.512,40.97,38.234,30.551,57.202,76.325,76.256,103.4,9.9625,10.083,10.106,9.8816,58.57,59.302,34.786,101.46,24.899,80.679,52.571,11.732
46.374,91.461,80.91,28.093,50.216,32.159,3.6785,69.496,9.8724,10.033,10.041,9.8319,52.192,62.039,25.339,65.101,32.698,1.8015,-0.84652,47.764
109.21,121.46,55.399,39.226,74.7,97.689,104.87,77.073,10.076,10.099,9.8581,10.089,105.02,38.787,50.991,33.056,77.44,16.984,42.838,86.207
73.147,31.769,44.202,62.417,31.852,24.422,12.64,59.109,9.9654,10.043,10.112,9.9281,13.899,56.383,43.815,64.262,45.197,27.264,35.772,72.199
35.27,52.185,32.778,8.8883,105.82,41.343,-3.0405,48.675,9.9366,10.028,10.087,9.7353,35.08,76.2,6.552,-7.9773,112.79,126.41,62.317,20.863
78.232,62.981,39.105,55.439,82.106,5.4818,78.775,84.919,9.9679,10.143,9.9676,9.9643,2.884,14.019,49.154,-4.3508,29.841,36.909,39.666,49.158
74.706,90.16,50.892,40.385,55.607,30.595,26.52,15.596,9.9448,9.843,10.192,9.9316,58.309,34.375,47.643,31.356,16.567,90.36,64.179,17.579
78.611,55.651,59.123,-1.9151,50.851,87.955,-6.9814,-1.2266,9.9876,9.7916,9.8476,9.9521,62.912,-21.151,3.6233,20.048,42.258,19.625,82.103,21.315
51.487,45.575,28.937,-23.356,21.6,64.197,48.702,44.075,9.985,10.067,9.9802,9.9669,66.002,88.23,-12.514,36.429,55.466,46.941,78.469,61.742
9.7072,63.322,20.126,76.827,68.24,21.324,105.3,48.624,10.191,10.025,10.012,9.9822,81.888,80.121,34.223,75.439,54.91,97.213,55.988,36.537
68.617,10.022,51.315,36.828,66.374,65.181,76.933,19.969,10.127,9.9749,10.024,9.8099,11.342,35.193,98.911,59.943,55.003,34.145,64.991,26.627
60.935,57.366,54.891,69.866,75.554,28.394,70.85,56.806,9.9889,10.028,9.8217,10.224,92.894,35.296,62.671,-5.0522,62.901,73.636,26.193,10.221
20.085,37.468,51.025,58.276,49.463,-13.309,17.884,70.955,9.9926,9.8496,9.7967,9.8254,-5.4108,114.94,110.02,39.984,67.357,74.564,26.504,121.56
106.17,-0.92187,31.527,33.459,77.228,33.758,25.762,78.963,9.9621,10.07,9.8781,10.007,66.257,55.995,20.445,105.67,40.051,64.995,4.4206,39.157
39.605,31.557,0.20035,74.616,31.751,109.68,77.738,89.423,9.9987,9.9646,10.011,10.011,-8.012,2.2751,52.397,27.147,17.759,20.92,60.598,72.538
75.043,41.147,44.848,74.56,3.1406,56.462,89.877,45.03,10.116,10.124,10.01,9.8302,74.267,87.006,16.314,-33.706,52.83,40.278,49.127,62.571
19.516,46.969,75.973,54.794,19.429,-9.4572,83.484,36.006,9.9206,10.052,10.084,9.8882,57.399,62.789,101.11,-15.74,84.226,68.089,36.733,96.893
92.217,31.302,104.32,79.809,94.375,71.352,66.732,45.775,10.009,10.04,10.165,9.965,86.113,86.917,13.446,12.838,114.99,38.773,51.959,79.006
41.907,70.262,65.501,61.409,69.38,108.83,19.328,37.565,9.963,9.909,9.8756,9.9837,70.35,89.334,55.335,70.793,45.683,37.732,27.818,52.899
34.074,54.816,60.082,72.196,12.546,48.75,44.438,47.441,9.9511,9.9538,9.9953,10.2,88.661,-20.61,64.59,31.132,9.1483,108.46,7.7407,21.289
75.523,11.957,63.884,15.303,42.6,45.498,87.039,80.541,10.108,9.8356,10.118,10.073,32.161,42.4,18.37,56.956,1.5513,71.666,72.843,94.117
42.973,9.3008,53.241,82.245,60.134,68.187,92.48,47.343,10.111,9.8861,9.9699,10.195,2.3293,121.73,84.858,44.236,28.823,60.303,56.958,74.101
101.09,75.068,25.626,-2.2673,41.947,25.041,62.133,49.919,10.071,10.064,9.9204,9.859,-10.16,50.814,30.11,35.919,11.199,21.995,41.12,3.8859
105.06,69.091,31.713,35.335,97.219,59.285,53.42,7.2799,9.9354,9.8866,9.9119,9.9821,110.87,33.312,10.259,94.131,39.919,66.461,71.107,11.779
53.64,26.057,15.564,68.345,48.502,126.66,60.542,22.401,10.088,10.084,10.066,9.8863,84.003,52.281,53.619,6.0398,8.991,-0.44065,-10.112,68.136
124.4,20.055,45.628,36.202,40.429,23.61,35.945,108.75,10.009,10.137,10.12,9.9879,72.892,89.205,43.298,9.0841,62.631,73.134,59.999,42.392
32.069,42.337,55.521,63.977,33.243,52.246,75.983,36.419,9.9939,10.092,9.8354,9.9254,65.787,47.486,51.352,40.526,98.963,69.507,49.631,5.6726
24.885,46.218,75.217,67,36.826,62.546,57.069,-17.402,9.9605,9.8534,10.022,9.9837,20.61,97.093,35.95,77.648,86.231,55.772,44.941,63.186
11.715,51.919,37.742,30.995,46.534,63.423,64.459,42.657,9.862,10.164,10.037,9.9563,54.11,25.884,82.813,84.187,54.449,96.846,66.696,25.363
12.771,95.023,21.241,73.469,-11.316,76.338,45.837,13.3,9.9484,9.9322,10.064,10.013,42.001,10.757,52.294,-10.75,61.468,26.21,101.11,26.866
62.65,92.895,59.804,57.994,75.966,43.765,59.909,27.9,9.9489,9.8461,9.9325,10.055,63.655,27.829,68.187,66.799,43.033,104.51,71.967,36.872
37.631,28.132,6.9088,51.297,44.975,27.563,31.708,63.684,10.153,9.917,10.259,10.1,33.034,33.06,5.9536,25.319,16.626,49.24,85.603,-7.4276
72.823,73.121,18.711,77.871,99.331,48.104,98.744,92.095,9.7332,10.03,10.008,9.9649,124.15,56.234,85.041,40.994,12.159,34.63,10.795,46.745
59.172,77.115,1.8427,44.582,84.004,-8.111,41.937,85.532,9.8697,10.05,10.021,10.113,12.629,107.9,33.649,-8.8678,29.677,99.124,61.709,17.629
31.023,76.179,51.771,19.557,15.098,43.43,71.584,-0.94183,10.066,10.066,9.8784,9.8911,73.515,10.246,86.765,38.065,57.005,-6.2836,52.101,64.95
36.647,68.914,59.813,68.246,66.859,116.96,-8.3014,102.67,9.8051,9.9764,10.002,9.9679,69.724,-5.1425,17.488,23.226,-2.1162,15.173,44.789,57.414
24.306,63.638,19.742,72.124,17.86,33.07,80.252,0.14233,10.173,10.037,10.11,10.043,41.566,25.769,53.238,26.647,38.327,47.904,41.14,54.302
56.296,39.755,42.992,26.271,18.853,61.127,39.31,101.62,10.014,9.9796,10.034,10.144,141.84,0.28154,-24.063,93.31,55.803,89.541,65.186,54.997
42.834,30.517,69.437,93.663,39.201,65.529,69.001,23.256,10.096,10.042,9.8924,9.9452,36.903,55.067,31.138,84.595,62.3,66.226,70.124,46.576
74.819,58.422,56.98,16.419,6.0231,62.24,37.521,42.421,10.003,9.987,10.004,9.9177,46.143,47.229,73.415,65.895,68.426,64.018,65.251,44.376
-40.854,69.074,41.657,24.118,15.785,52.363,70.868,130.61,10.193,9.9479,10.137,10.11,115.56,22.731,57.863,13.41,114.39,37.102,69.707,30.454
104.88,69.806,51.895,66.09,54.454,30.556,34.312,68.712,9.9574,9.9901,9.7965,10.061,100.83,67.014,84.716,12.735,32.497,-45.071,57.876,100.02
16.277,5.2505,44.882,-15.006,11.098,60.985,37.394,106.33,9.9731,10.039,9.9768,10.035,5.3052,7.1343,64.382,58.719,66.672,1.5181,37.676,88.729
74.851,36.537,11.516,10.156,2.3898,57.657,21.296,58.088,10.027,10.174,10.016,10.073,83.484,42.413,12.729,-8.9296,1.6553,52.223,39.797,91.001
-5.7186,63.959,65.207,38.441,92.529,55.246,5.1413,123.38,10.085,10.035,9.9376,10.157,62.76,57.962,62.905,47.053,78.157,50.048,48.337,63.078
69.809,49.858,73.28,85.331,81.177,68.698,63.084,57.354,10.136,9.8787,10.088,9.9731,66.293,43.519,48.736,26.896,34.595,84.146,19.181,20.8
13.778,39.112,57.591,91.629,84.026,44.896,83.59,39.759,10.108,10.013,9.9885,9.9898,33.224,52.469,104.02,60.998,73.134,65.843,42.211,33.276
120.22,43.025,60.544,25.052,65.833,14.226,55.049,-14.038,9.9024,10.038,10.154,9.9479,10.458,36.873,65.893,13.663,132.56,74.44,57.529,47.144
51.091,23.257,61.856,29.785,47.878,26.891,30.495,89.954,10.055,10.069,10.004,9.9991,8.9589,32.364,79.564,44.398,25.124,62.18,53.244,54.972
52.992,82.132,60.272,61.402,89.615,71.395,15.794,65.008,9.9956,9.9328,10.121,9.9338,14.738,41.735,64.65,-3.9528,39.847,39.37,40.061,60.406
26.158,42.507,36.365,78.93,100.11,81.513,20.864,42.561,9.9814,9.9184,9.9077,9.9227,31.797,50.466,36.707,51.995,102.86,63.861,51.989,25.976
38.536,17.198,62.012,127.09,34.487,30.929,103.76,101.05,10.096,10.078,10.008,9.9352,14.608,33.099,71.512,42.886,92.833,68.976,34.858,59.286
50.997,54.642,64.858,60.116,110.91,9.4982,53.253,101.74,10.002,9.8907,10.043,9.9156,80.237,52.276,73.765,-2.419,63.193,37.821,35.229,31.081
50.714,20.844,91.307,74.235,0.025816,19.01,17.739,20.288,10.046,9.9847,9.8801,10.182,57.404,75.797,77.998,43.956,37.459,58.626,48.596,42.226
44.798,56.363,-0.72267,37.213,2.1577,80.937,16.564,41.125,10.087,10.028,9.881,10.066,56.742,-15.399,43.031,52.939,26.391,76.702,54.072,81.93
9.9938,43.979,4.0425,20.337,32.455,78.113,27.829,10.708,10.037,10.093,9.8418,9.9571,13.444,35.462,7.3318,22.974,19.489,40.838,41.716,64.111
14.89,76.32,69.668,53.97,34.333,74.094,43.689,78.403,9.858,10.036,10.403,9.9104,71.888,52.573,69.104,74.169,25.34,25.293,50.225,42.404
62.962,8.8243,83.984,57.932,65.311,79.791,111.29,41.785,10.082,9.8747,9.9966,9.9761,-25.332,47.83,34.382,29.222,58.414,109.18,42.049,-6.2994
62.841,46.482,59.486,25.858,71.483,49.127,51.53,60.5,9.9482,9.8819,9.956,10.105,30.703,105.8,86.696,-6.6457,58.584,25.96,9.363,36.316
24.701,57.268,14.076,85.2,28.694,54.839,12.748,36.47,9.9755,10.057,10.068,9.884,67.865,76.874,35.107,38.523,99.94,139.47,107.54,29.71
101.89,26.487,32.83,92.598,78.534,72.023,28.375,77.905,10.054,9.9376,9.9968,9.9345,110.07,66.886,91.926,20.543,51.459,54.238,39.438,36.446
50.728,49.824,80.411,62.083,70.939,78.25,20.557,57.34,9.8911,10.037,10.022,10.116,37.561,71.981,103.69,28.329,65.909,25.58,62.231,64.812
93.908,66.398,86.967,91.381,6.3857,128.11,90.846,61.395,9.9048,10.079,9.8796,10.05,76.057,19.026,19.971,4.0714,29.227,31.471,59.105,75.401
29.09,15.519,71.231,34.043,67.565,20.504,111.06,89.729,10.043,10.069,9.9769,9.8168,117.4,69.749,66.969,74.328,54.851,23.92,66.862,-19.375
98.071,65.375,5.8406,9.7088,82.317,53.441,96.913,45.19,10.026,10.133,9.9078,9.8643,31.239,40.703,79.677,8.5042,12.689,60.174,56.404,102.24
57.729,90.761,63.577,11.327,19.452,63.47,39.935,-17.988,9.8952,9.8715,10.016,9.9735,28.946,-8.8584,60.203,45.821,71.631,40.617,63.717,71.65
69.626,51.079,-8.2942,62.202,33.4,14.566,86.833,77.914,10.112,10.166,9.9563,9.9436,119.42,-14.588,22.27,41.069,5.7534,37.867,61.476,-0.11852
11.728,-4.1479,56.786,39.621,79.961,4.5586,48.946,64.064,10.033,9.9067,9.9272,9.8635,53.536,72.384,9.9098,65.83,53.762,45.51,46.128,64.543
52.536,38.762,46.392,63.378,115.87,54.991,46.364,65.579,10.086,9.9979,9.9582,9.9989,84.22,30.507,86.769,20.25,80.954,72.239,6.6543,80.009
106.41,100.2,72.757,82.419,39.591,28.394,17.621,66.093,10.031,10.017,10.099,9.9973,59.235,49.29,61.136,61.854,61.787,77.87,18.265,83.721
50.719,27.601,46.164,66.237,40.274,49.998,42.837,74.822,10.045,10.157,10.062,10.022,72.485,39.92,2.6305,76.984,67.772,27.058,42.73,55.559
52.454,80.83,18.927,68.147,65.881,20.783,26.812,86.587,10.007,10.046,9.9506,10.08,69.73,18.795,16.263,42.627,35.463,3.2001,97.332,56.197
78.238,39.323,40.978,-0.91102,42.275,47.013,43.297,53.236,9.9172,9.9919,10.043,9.8891,63.11,33.898,80.701,36.859,-30.778,14.613,75.152,75.597
71.144,25.91,46.321,34.244,24.19,53.103,31.128,29.325,10.082,9.8408,9.961,9.9046,-33.734,62.485,31.383,63.257,35.539,20.028,63.547,142.8
47.378,51.646,5.0954,43.282,12.531,-17.966,40.191,88.609,10.198,9.9517,9.9771,10.097,34.048,-17.29,79.107,46.537,61.869,29.495,53.371,40.894
58.979,40.071,59.237,96.356,0.22485,73.243,2.737,36.856,9.9932,10.127,9.9428,10.003,36.39,59.18,79.358,106.43,3.8473,11.677,65.491,67.508
72.191,73.833,23.536,55.666,106.25,-11.761,66.246,22.892,10.08,10.02,9.9753,9.9306,23.547,22.722,26.427,53.766,25.411,30.465,56.278,-15.657
50.185,40.21,83.439,2.7962,62.374,57.824,11.845,76.798,9.8792,9.8468,9.8523,9.8911,26.62,77.307,83.993,-12.129,99.507,57.007,70.406,77.372
19.384,7.264,64.589,99.314,59.452,50.666,60.405,79.678,9.9973,10.053,9.9168,10.064,34.712,48.39,73.86,70.64,46.71,68.608,-11.194,64.289
84.18,37.448,35.014,64.858,60.122,57.104,31.543,35.187,10.068,10.064,9.9044,9.9767,13.851,45.424,3.7934,70.002,52.143,51.51,32.326,42.601
56.829,14.222,16.555,50.473,26.13,96.717,24.854,83.255,9.9966,10.05,9.8755,10.008,51.334,20.838,59.729,17.342,4.8699,68.553,62.335,81.291
52.077,96.846,-0.46238,35.504,66.038,2.7745,-5.4442,59.419,9.9965,9.7839,10.081,9.9096,26.231,16.261,74.437,30.167,48.589,23.567,37.339,45.618
84.116,70.481,76.831,86.326,85.758,28.935,41.086,106.95,9.9089,9.9985,9.9991,10.169,27.147,83.892,78.288,74.129,78.483,31.782,58.18,115.43
-3.5781,66.701,89.506,24.671,1.1498,26.63,77.699,50.298,14.797,83.381,-67.471,49.511,10.102,10.275,9.8855,9.7492,-3.0074,38.558,88.318,48.281
86.28,81.753,58.003,115.75,60.881,97.542,100.6,49.275,89.037,14.118,35.947,61.673,10.013,9.8335,10.07,10.056,38.112,25.769,25.455,51.578
55.123,51.558,32.303,44.545,54.961,90.344,66.419,52.25,43.885,-4.5421,31.919,74.217,10.033,10.016,10.099,10.025,40.584,39.254,87.474,8.5244
65.156,38.785,64.289,20.857,59.035,71.695,12.069,116.5,-7.2695,66.319,62.357,84.68,10.068,10.019,9.993,9.9784,61.49,45.235,67.107,34.957
78.639,-13.083,51.614,9.4071,49.678,2.2607,43.712,35.604,7.8302,36.102,59.76,23.828,10.119,9.8534,10.214,9.9486,90.404,15.918,42.778,68.4
2.187,90.822,58.201,40.61,61.894,35.883,83.294,43.01,31.516,100.3,82.656,53.517,9.852,10.004,10.007,9.9843,101.42,104.93,43.732,8.5047
107.82,37.67,101.77,51.455,16.86,66.114,65.35,59.71,61.08,19.323,33.875,70.28,9.849,9.8679,9.9224,10.031,65.663,90.109,-14.638,40.17
45.962,63.178,43.905,38.559,64.984,60.813,31.536,64.889,14.314,50.947,52.12,10.797,9.9351,9.9495,9.9416,9.914,96.415,91.053,74.068,71.856
-18.158,48.575,53.519,28.642,55.836,30.089,57.087,17.216,39.162,61.046,37.992,46.725,10.008,10.094,9.8433,9.8663,31.565,77.036,94.308,48.365
0.75444,63.617,14.765,67.028,39.294,96.241,77.269,34.142,73.733,49.931,102.16,30.414,10.012,9.948,9.9549,10.136,42.329,25.763,75.202,3.6522
88.182,43.351,28.335,26.81,64.656,32.311,38.656,1.5866,31.609,45.252,46.058,41.229,9.9186,10.012,10.115,9.9234,16.129,62.259,16.583,61.557
55.403,29.622,80.831,58.288,34.072,61.879,27.726,26.359,25.216,17.304,22.872,57.961,9.8507,10.134,9.8899,9.9333,117.09,53.559,35.136,20.042
48.382,70.538,33.516,42.032,35.782,111.34,25.998,45.402,85.013,33.378,98.97,28.343,10.074,9.9936,10.051,9.8814,-6.0093,64.952,20.824,27.631
59.339,92.849,-5.3538,69.036,63.598,103.18,65.678,33.029,34.455,71.031,-3.7273,74.474,9.9612,10.063,9.8508,10.001,63.976,98.288,4.9817,23.726
20.719,12.242,66.88,3.2347,36.957,43.985,65.014,-15.85,55.862,82.864,30.592,54.706,10.005,10.045,9.9556,9.9727,38.529,32.364,29.646,53.441
60.951,100.88,67.292,78.801,3.4882,73.17,35.559,42.832,58,54.383,21.753,96.472,10.037,9.9933,9.9497,10.156,63.483,82.224,83.525,58.903
34.696,106.63,65.545,19.087,1.8829,101.6,4.7255,14.793,58.784,60.917,30.423,47.758,10.141,10.054,10.034,9.9593,2.553,66.996,55.895,-1.7288
57.847,72.364,74.818,24.464,26.395,20.837,53.41,19.268,37.979,66.73,32.035,41.771,9.8034,10.044,10.012,9.9262,-3.5742,65.259,37.374,7.3777
98.015,79.313,29.942,80.377,106.04,79.568,42.066,50.729,35.66,110.41,92.772,56.787,9.9909,9.9663,10.004,9.8109,59.102,45.48,84.018,39.89
68.944,23.09,60.736,101.76,118.92,107.27,52.545,43.256,20.999,32.543,58.486,66.896,9.994,9.9885,9.7894,9.9857,109.14,10.83,29.884,7.6607
92.124,72.12,42.424,37.368,47.994,80.95,92.762,46.913,99.256,47.363,127.92,83.845,9.9672,9.8611,10.153,10.065,64.571,37.184,78.221,107.21
85.348,61.816,63.135,56.351,3.3435,87.975,59.186,54.695,47.224,13.479,34.508,17.464,9.9976,10.044,9.8595,10.066,69.011,23.031,27.489,79.136
53.009,89.26,23.736,14.068,50.151,50.044,25.113,55.184,14.58,22.743,47.68,66.505,10.123,9.7499,10.064,9.9922,28.119,39.215,56.858,44.991
44.88,83.228,58.007,1.6854,70.699,10.598,114.41,32.566,84.476,54.18,48.721,9.8169,9.8493,10.041,10.186,9.9574,60.012,103.51,72.42,21.642
71.327,49.409,43.785,85.231,127.2,27.722,29.884,82.553,67.859,64.623,86.593,70.981,9.8048,9.9209,9.9057,10.027,31.408,3.1319,28.966,50.577
14.963,67.584,108.26,72.474,101.77,97.537,35.287,109.99,19.204,66.352,56.762,15.261,10.039,10.001,10.068,10.025,29.613,28.796,83.562,82.347
46.104,71.745,46.464,48.963,37.976,52.212,66.628,11.109,1.3537,63.331,48.308,49.654,9.7934,9.9903,10.09,9.9059,22.839,78.487,87.52,57.505
66.249,24.024,62.637,34.473,14.064,75.394,8.9991,13.318,62.543,21.221,45.244,96.265,9.9716,10.111,10.107,9.9388,39.557,12.82,69.813,67.584
66.703,73.703,63.795,12.733,35.206,18.865,54.21,44.433,58.581,68.348,90.105,54.767,9.9196,10.017,10.06,10.032,75.837,85.588,35.321,47.847
31.746,45.599,34.948,33.288,16.023,-4.4426,48.814,-14.719,56.463,35.176,63.22,29.786,10.209,10.047,10.088,9.937,116.88,70.36,58.77,64.227
56.836,52.053,85.523,94.847,89.879,-12.912,111.88,32.917,-14.821,40.662,41.707,32.874,10.029,9.9886,10.135,9.9574,58.243,81.465,92.361,34.505
50.227,77.967,62.234,42.805,37.292,58.566,87.55,-18.252,66.508,-18.463,53.439,52.051,9.9946,9.9522,9.9724,9.9682,45.243,99.248,49.507,-28.103
15.301,64.849,80.839,67.087,44.648,-15.37,61.872,21.988,64.219,18.291,116.7,65.804,10.045,10.019,9.8134,10.015,7.4185,77.077,6.7224,49.813
22.493,88.35,29.677,52.833,23.76,93.657,17.388,10.628,85.468,-5.471,95.615,27.675,9.8837,10.174,9.9498,10.054,74.196,-6.0337,47.166,0.042322
36.988,31.4,25.734,9.9303,69.788,84.968,65.619,57.98,58.178,39.459,38.545,63.05,9.9519,10.174,10.008,10.017,67.777,52.347,20.867,137.6
82.048,34.102,66.275,-1.3369,22.311,59.239,39.302,38.516,24.16,22.011,41.531,28.751,9.9192,10.017,10.139,10.143,23.689,75.439,72.046,74.991
71.75,39.496,70.545,81.525,71.789,81.413,34.212,60.344,23.605,36.408,65.42,50.891,10.059,10.007,10.011,10.113,75.497,-37.071,51.121,61.185
89.729,44.265,68.5,56.681,20.071,46.793,-5.7851,73.908,7.3611,57.925,22.918,58.069,9.9191,10.02,10.187,10.145,89.873,28.839,3.6445,38.186
76.416,54.914,79.431,135.42,58.36,-5.0716,-18.717,77.955,97.855,8.2951,42.556,40.847,9.9703,9.8199,9.8425,9.9394,35.185,45.966,43.513,90.447
60.084,28.792,52.186,45.507,35.477,46.216,60.412,14.586,37.152,72.369,16.905,48.201,9.8506,9.8736,10.059,10.156,49.321,48.321,90.443,53.071
50.951,118.89,46.751,69.533,72.171,29.659,63.509,85.254,25.915,77.52,-6.2162,74.701,10.124,10.022,10.119,10.125,94.866,87.771,72.874,97.142
56.176,62.828,18.543,54.407,28.099,87.951,38.659,42.967,2.6135,44.671,37.275,40.359,10.105,10.011,10.197,9.8992,42.031,36.575,66.598,42.887
89.213,98.354,52.773,30.561,28.302,60.444,69.047,89.007,87.71,44.08,46.426,-13.139,9.8385,10.064,9.8488,9.9069,67.039,36.47,2.2707,39.201
58.058,30.463,66.94,25.506,19.902,62.405,59.502,82.555,76.028,44.856,65.796,68.041,9.9631,9.8695,9.9366,9.9966,38.01,38.338,31.586,69.663
80.722,21.399,87.618,19.818,46.121,38.765,8.4034,36.433,30.006,68.027,47.097,16.707,9.9499,9.8231,9.8943,9.8737,49.938,41.475,81.932,78.85
48.987,18.843,28.17,80.374,35.023,23.172,13.145,104.95,78.67,52.574,-2.4429,61.773,10.022,10.051,10.147,10.092,-10.918,-7.0055,65.572,40.062
-12.724,66.605,64.464,33.254,33.361,58.411,85.318,84.57,32.37,27.412,68.427,33.509,10.037,9.9462,9.9443,9.9311,18.832,74.151,46.154,84.887
40.518,64.603,72.302,20.925,78.005,36.852,63.744,58.664,33.193,26.097,27.545,81.652,9.8807,9.9785,10.126,9.8296,48.491,50.427,67.78,50.743
53.988,25.105,82.907,44.755,88.803,91.776,40.457,37.212,38.168,35.322,12.624,5.3089,9.9827,9.848,9.8803,9.9695,27.946,58.004,61.913,42.999
30.049,-8.8356,46.027,29.692,39.467,38.979,18.624,59.601,10.781,32.011,89.719,29.885,9.9404,9.9739,10.054,10.006,-6.8623,49.187,18.138,37.186
48.597,9.1483,17.576,46.596,107.38,26.137,57.761,99.273,23.542,36.741,64.09,61.092,10.096,9.9095,9.8844,9.8238,68.278,30.749,37.196,76.23
4.8727,50.591,37.443,-6.0358,75.426,43.448,57.367,26.32,49.804,54.448,51.556,69.924,9.9727,10.197,10.037,10.012,35.614,53.559,-14.702,84.718
29.8,72.172,26.276,14.12,101.9,82.46,-5.5634,22.249,38.887,31.762,54.985,47.994,9.9729,10.064,9.9387,10.04,72.534,108.57,97.295,82.51
25.988,102.2,49.472,51.826,19.799,32.99,78.29,60.466,42.18,75.809,100.86,35.033,9.797,9.9925,9.7859,9.8887,20.59,63.111,12.177,48.805
43.154,70.675,0.78011,26.812,34.871,47.135,51.833,63.252,62.866,40.994,34.439,15.218,10.076,9.851,9.9815,9.988,-17.121,49.529,29.617,42.434
63.804,72.428,30.212,30.658,78.082,5.6607,60.033,73.83,71.367,61.356,32.498,54.459,9.9988,10.077,9.9309,9.9996,95.325,94.214,63.84,82.96
66.993,44.516,32.264,105.45,70.033,53.663,10.372,67.02,62.263,37.623,0.91562,11.81,9.9412,10.097,10.018,10.03,37.712,73.191,26.032,38.834
81.4,28.669,73.063,88.467,90.443,38.507,99.417,19.403,22.935,70.182,82.779,118.58,10.044,10.195,9.924,10.164,48.143,43.071,51.546,28.629
80.256,-8.5137,79.374,43.299,60.244,36.532,75.078,114.9,75.324,11.544,66.054,42.656,10.094,10.161,10.047,10.068,29.836,33.999,27.98,20.243
36.931,61.329,65.724,13.877,60.898,54.337,25.22,72.159,67.614,4.0292,63.856,66.614,10.161,9.831,9.9453,9.994,39.053,30.344,54.082,86.315
96.042,10.359,30.28,21.734,40.424,50.812,43.877,61.967,57.278,27.949,19.571,67.622,10.106,9.9226,9.8593,9.8914,91.198,33.242,48.063,86.591
52.8,-29.056,32.525,116.42,33.535,49.924,31.516,65.641,115.61,117.34,38.72,75.025,9.9441,10.111,10.137,9.9325,82.897,-2.7995,86.507,49.716
20.35,86.091,-1.3974,46.073,69.345,140.22,62.488,66.799,126.56,100.17,56.288,35.784,10.091,9.9856,9.7031,10.039,28.526,37.327,23.491,41.229
21.709,47.598,89.703,58.044,55.619,81.402,74.216,75.896,92.974,71.633,66.351,101.71,9.9829,10.153,10.009,10.07,64.22,21.984,85.061,67.985
21.319,62.085,-5.3282,50.872,48.914,100.69,61.057,67.964,16.071,44.367,38.653,57.306,9.8248,9.9226,9.8133,10.124,38.268,165.45,44.102,32.125
11.406,15.519,74.879,83.91,65.042,99.996,64.195,36.408,65.203,35.805,-7.3105,56.323,9.9508,9.9599,9.9153,9.9611,41.694,3.8941,86.002,38.876
88.877,43.568,15.693,26.907,27.44,41.375,66.075,25.676,78.274,42.51,21.298,57.728,9.863,10.039,10.052,10.019,35.438,43.353,41.101,46.085
42.116,53.825,51.59,27.805,19.775,35.39,17.584,4.9549,76.486,57.432,56.914,84.224,10.205,10.026,10.043,10.095,34.489,28.919,99.961,36.483
80.375,117.16,43.054,-3.6505,69.851,-0.075448,71.385,20.332,47.067,95.005,44.323,86.051,10.272,10.022,10.041,10.106,102.29,45.436,48.306,28.849
34.595,69.87,73.628,4.178,58.549,20.742,23.847,28.572,125.15,69.873,96.777,45.424,10.067,9.924,10.007,10.079,45.233,58.714,53.8,90.8
92.86,28.63,91.945,58.084,-2.7632,41.426,68.461,97.416,24.374,93.023,-4.0178,-10.03,9.865,9.84,10.156,10.101,73.051,88.189,5.9394,97.107
60.417,41.103,42.343,47.367,27.631,47.234,17.169,78.552,42.51,14.998,6.4332,23.252,10.043,9.946,10.031,9.9728,56.182,93.775,54.581,-14.56
21.665,16.402,89.896,73.084,-10.032,59.758,82.997,70.14,17.895,-16.348,58.614,-2.2962,9.8867,10.142,10.003,10.067,69.138,27.569,22.85,61.974
73.936,82.615,7.0785,34.608,70.544,54.614,62.605,90.765,29.462,39.26,10.504,7.1862,10.094,10.035,9.9743,10.025,53.065,54.072,70.433,39.401
68.116,38.179,9.5889,63.695,63.995,14.198,73.774,76.244,38.955,12.64,83.144,62.284,10.06,10.033,10.014,9.9202,38.169,33.401,52.146,0.10208
3.217,90.069,69.512,72.479,54.589,40.09,29.749,37.818,37.987,57.255,69.19,23.249,9.9047,9.8945,9.9965,9.9713,46.898,25.554,34.09,43.316
8.1288,41.21,66.336,107.8,64.534,102.15,73.542,16.002,79.501,8.9008,43.853,90.566,9.8864,10.004,10.013,10.096,113.29,88.425,97.556,18.985
54.161,46.766,54.56,47.409,29.976,40.917,27.423,68.906,48.207,63.085,10.68,68.848,9.9235,9.9256,10.138,9.8442,54.978,91.301,41.891,51.771
28.936,17.35,0.65894,44.477,35.739,22.296,38.807,98.055,52.623,35.129,53.699,30.208,10.011,9.8677,10.083,9.9496,30.61,45.272,26.397,54.948
34.385,25.696,73.189,52.647,51.477,42.333,41.879,-0.13745,50.042,59.403,71.124,48.808,10.125,10.082,9.6444,10.017,40.657,50.27,46.271,64.856
72.923,83.209,86.627,52.226,82.137,60.104,65.337,19.371,93.533,45.015,60.536,78.161,10.21,10.13,10.037,9.9084,103.17,28.116,56.297,106.31
58.956,80.708,54.582,44.873,66.476,38.325,88.392,-1.7115,84.057,91.695,38.81,57.746,9.9635,9.864,9.8737,9.963,14.111,64.75,27.534,13.501
81.582,47.745,44.876,106.25,48.357,37.126,42.976,24.595,17.719,16.887,44.492,28.917,9.9062,10.026,10.029,10.001,45.434,20.015,17.878,58.882
58.873,85.096,18.759,87.159,83.653,39.639,43.803,16.944,66.046,40.254,87.972,99.754,9.9416,9.8164,10.044,9.9251,26.463,-1.1885,7.3678,115.95
93.761,57.92,43.624,34.434,48.612,85.843,59.25,100.1,73.912,6.3753,80.428,57.136,10.038,10.072,10.1,10.081,1.809,82.792,46.45,106.69
39.434,9.0807,81.096,74.828,32.234,75.343,29.817,28.697,35.563,0.76853,66.714,103.33,9.991,10.007,10.016,10.035,69.64,62.947,24.448,43.802
54.238,22.171,52.617,87.32,77.223,27.357,93.65,20.88,16.384,89.44,9.8538,86.027,9.7698,10.013,9.8781,9.8294,68.826,51.549,39.912,23.607
48.086,26.663,49.685,22,59.457,27.483,81.636,70.677,46.879,39.885,-28.275,55.919,10.012,10.037,10.061,10.121,72.776,77.002,58.586,99.334
53.984,39.08,66.923,17.824,17.009,-2.5326,78.271,84.3,43.709,52.152,23.128,41.876,10.013,10.047,10.106,10.158,74.96,46.095,81.902,48.513
17.25,56.078,26.998,39.638,17.21,84.026,36.087,12.162,48.163,30.88,21.901,21.528,10.134,10.087,10.134,10.103,35.379,17.875,85.995,42.087
70.863,55.499,38.328,56.901,28.05,46.755,2.4733,28.044,47.098,59.198,36.181,92.71,9.9928,10.038,9.981,10.031,60.366,88.327,48.101,42.578
30.837,30.438,12.633,53.585,77.118,42.69,24.061,30.304,37.455,44.236,31.375,91.284,10.289,9.7764,10.001,10.329,6.58,-15.973,69.168,29.021
19.651,59.405,2.2888,46.888,68.069,55.406,62.769,37.905,-0.9492,54.368,68.574,51.101,10.059,9.9391,10.042,9.9497,-14.917,53.814,-4.7567,50.349
126.89,19.035,39.325,55.891,51.667,10.752,30.867,46.601,24.1,22.331,29.609,33.285,10.008,9.9281,10.095,10.063,44.82,118.29,64.639,13.796
18.905,59.45,76.254,21.392,44.638,22.181,59.327,43.995,36.959,39.826,100.07,54.064,10.009,10.007,10.107,10.05,94.823,8.6673,57.904,17.375
-18.885,-6.2233,37.53,23.622,55.785,55.542,29.759,47.403,29.295,94.823,46.403,27.966,10.035,10.14,10.122,10.097,6.3656,50.195,39.311,28.906
41.25,45.304,76.698,60.406,90.513,40.297,56.053,56.198,4.3885,72.506,51.725,38.44,10.077,10.014,9.8793,10.082,35.606,31.244,74.126,73.258
23.647,77.31,24.777,44.046,72.592,-12.089,44.403,52.15,42.781,55.855,-9.837,41.032,9.9129,10.054,10.103,10.057,99.334,100.25,21.542,37.245
104.26,54.336,46.757,37.529,33.908,26.693,61.813,50.39,128.28,24.018,24.038,53.691,9.9887,9.8226,10.034,9.9275,113.78,48.256,65.272,50.134
65.246,91.758,27.742,-1.3904,44.476,57.988,0.0011676,73.292,62.063,57.152,-24.575,48.199,10.008,10.082,10.064,10.03,95.894,63.954,38.247,67.086
58.279,42.293,63.561,56.298,66.053,82.328,89.519,33.613,24.538,-13.781,37.508,82.195,136.16,18.574,90.749,40.355,9.9397,9.977,10.033,9.8632
37.857,55.81,67.045,61.412,38.645,52.671,44.047,56.224,38.819,79.606,70.756,24.23,50.691,9.1769,52.514,68.83,10.096,9.8302,10.043,10.03
48.251,36.517,33.746,8.2193,83.759,54.379,61.533,52.374,73.549,41.58,91.493,85.538,20.153,69.21,31.278,43.651,9.8742,10.108,10.097,9.8745
-4.2798,41.902,24.288,43.969,60.552,35.506,105.78,-5.927,65.055,51.174,1.1125,83.972,56.567,74.627,40.551,41.359,9.9537,10.139,9.9957,10.085
30.272,70.701,-36.737,49.219,93.039,56.338,50.328,59.057,75.079,113.9,-12.63,67.274,6.7363,33.681,31.305,60.263,9.9328,10.144,9.9113,10.092
83.025,61.608,5.7377,74.325,42.841,66.371,84.39,30.944,110.49,67.186,61.517,59.221,27.155,22.462,58.457,79.392,9.9601,9.8939,9.9259,10.084
13.992,4.1633,76.003,27.785,37.894,22.741,40.163,54.792,12.975,84.156,54.186,12.034,33.617,44.322,69.999,39.72,9.9761,9.9272,10.01,10.054
26.675,47.274,110.44,30.784,109.97,81.791,80.783,34.483,54.257,79.384,20.563,72.992,50.355,28.59,0.45465,99.417,9.9875,10.081,10.024,9.9685
65.337,65.297,62.332,25.543,2.7527,-0.17101,63.958,81.748,32.794,39.514,68.439,51.882,86.215,64.917,-8.871,12.673,9.9823,9.9748,10.053,10.071
59.539,35.196,51.132,-3.4162,27.491,48.616,50.26,22.18,40.877,48.235,46.177,37.459,54.706,56.035,48.656,-13.74,10.15,10.079,9.9345,9.9765
73.509,19.533,66.055,51.938,75.07,43.014,41.471,19.631,31.204,51.34,62.009,69.19,44.148,-49.953,38.226,56.766,10.037,10.058,9.9189,10.044
77.913,56.52,0.25456,59.374,88.963,99.739,66.615,31.872,31.097,39.007,37.472,70.754,56.844,53.719,92.122,-19.632,10.121,9.8947,9.9435,10.136
40.118,71.099,81.71,25.89,14.841,40.547,21.891,36.996,33.808,43.054,24.237,112.79,13.973,20.435,43.331,-36.925,9.9483,10.1,10.033,10.067
121.19,79.793,55.488,21.372,74.524,147.58,22.552,66.364,-18.583,-6.209,78.914,56.069,62.323,27.466,41.453,45.136,10.026,10.013,10.021,10.17
45.894,124.38,24.812,14.602,74.147,41.744,79.415,41.989,36.211,51.796,83.084,2.3496,31.145,56.681,18.613,53.428,9.9848,9.9255,10.084,9.9285
76.581,83.319,50.117,44.066,89.893,28.353,69.743,-7.1671,18.135,45.42,93.094,3.1764,64.731,31.389,93.968,37.43,10.091,10.071,9.9365,9.8351
45.952,64.446,51.946,81.969,73.187,120.38,67.026,85.571,53.396,1.5435,36.45,12.365,39.325,9.8452,83.387,39.187,10.074,9.8957,9.8594,9.9714
57.781,67.092,53.038,-34.844,60.715,49.441,38.322,39.39,55.428,32.876,35.056,11.776,22.753,44.053,40.023,63.634,10.063,10.015,10.014,10.115
6.3995,74.568,78.632,-18.01,25.774,42.258,50.321,50.308,65.04,9.8537,60.282,33.535,-1.6949,27.615,38.916,35.675,9.9348,9.9276,9.8955,10.137
61.161,68.257,53.739,81.161,89.109,54.402,6.1155,34.838,50.767,55.304,32.148,78.431,54.81,36.975,71.995,53.556,9.8249,10.083,10.042,10.089
41.124,41.798,53.544,28.446,72.157,19.719,10.852,61.746,37.133,18.421,61.994,31.817,63.924,-0.40129,14.166,37.424,9.9333,10.039,10.049,9.8647
5.6888,-2.3184,93.381,48.077,22.202,5.883,62.435,41.727,47.416,62.434,27.962,27.913,32.595,76.793,36.553,35.464,10.098,9.8747,9.9128,9.8064
58.362,50.561,-18.122,85.347,69.313,30.524,17.807,27.821,33.414,45.285,43.881,1.3977,9.0434,42.979,33.448,102.56,10.199,9.881,9.9894,10.018
-19.482,5.4996,61.819,95.698,27.828,52.116,54.101,33.908,67.234,64.957,7.572,62.877,14.988,53.441,46.436,106.44,9.8997,10.076,9.999,10.088
61.536,44.527,6.9359,50.908,10.303,84.53,3.2547,122.27,84.682,71.857,-7.7784,53.263,80.92,13.864,125.46,55.412,10.066,10.271,9.9496,9.9379
80.507,34.722,56.749,69.723,36.902,86.644,36.607,46.999,27.228,16.913,55.187,39.574,27.813,45.277,11.966,73.889,10.199,10.019,10.022,10.142
31.458,44.829,96.914,55.66,51.507,64.576,21.839,36.998,46.999,44.956,40.805,49.698,58.496,88.502,4.7565,87.63,9.7714,10.101,9.9962,9.9834
62.856,97.895,-0.92253,64.199,85.501,86.253,66.69,31.084,34.311,-0.97983,26.119,35.548,49.521,47.526,99.063,2.4405,10.04,10.212,9.9767,9.8731
59.531,85.863,53.33,38.909,43.393,129.35,50.282,62.857,43.132,23.661,46.92,68.103,79.899,83.732,48.362,-22.608,10.016,9.9551,10.076,10.028
29.987,109.13,26.796,4.8051,53.662,69.716,58.17,40.056,40.846,50.335,39.122,113.82,33.45,66.958,68.801,85.564,9.8534,9.9999,9.943,9.8949
52.588,37.551,74.961,67.06,60.462,79.164,15.619,68.282,99.591,32.636,88.899,63.003,50.592,55.284,17.426,51.347,10.078,9.9803,10.075,9.951
14.443,-3.8859,59.484,68.764,14.958,40.898,14.351,58.965,78.983,75.608,37.56,84.478,102.02,50.516,27.79,6.7422,10.036,10.071,9.9801,9.923
70.616,88.9,13.845,37.918,41.139,86.284,12.266,44.872,25.481,13.254,87.138,65.256,72.148,41.478,54.949,70.714,9.9831,10.204,10.004,10.018
79.295,64.34,68.368,32.934,40.017,15.907,82.125,22.424,87.7,29.985,27.236,52.951,115.72,79.39,36.594,71.949,9.972,10.061,10.001,10.093
49.124,55.445,74.007,6.3734,28.341,39.996,68.089,75.869,66.681,96.025,23.761,116.89,57.036,66.287,96.515,106.75,9.9152,9.9532,10.028,9.9843
34.128,11.741,21.507,33.895,14.21,24.021,55.635,72.117,21.057,73.278,-6.0372,-0.63568,70.734,10.153,66.422,43.486,9.9451,9.9744,10.182,10.031
109.62,52.344,32.402,32.047,16.785,33.105,26.333,41.152,82.199,-7.2759,62.129,35.035,83.253,91.84,36.3,43.732,10.092,10.081,9.9488,9.8923
-1.8397,23.692,92.005,38.691,39.867,110.28,17.728,15.549,-3.9493,47.771,61.025,90.998,79.34,50.964,29.793,15.836,9.997,10.093,10.173,10.035
93.111,44.259,39.503,99.456,30.455,43.808,79.739,101.83,56.785,52.922,97.968,42.468,21.986,71.89,38.325,-27.563,9.9693,9.9636,9.9076,10.061
76.665,27.526,76.796,60.604,93.799,37.108,64.903,89.547,103.16,14.62,119.56,66.096,-11.687,65.307,71.27,28.708,9.9301,9.9493,9.8616,10.078
83.807,34.064,94.913,37.91,28.531,81.312,17.062,82.213,9.9941,107.43,90.478,36.972,67.494,87.726,68.003,84.136,10.025,9.9427,10.021,10.027
89.286,99.107,78.121,58.933,50.782,40.458,99.457,46.576,26.528,29.277,60.059,93.399,24.475,21.506,74.103,17.575,10.151,10.017,10.038,9.8469
-25.343,109.55,92.121,58.778,38.795,59.721,-2.9219,90.12,14.128,73.117,80.776,76.774,113.94,44.361,15.794,56.967,9.9475,10.049,10.006,10.133
64.113,33.909,36.543,84.918,97.615,66.738,59.765,86.135,58.026,80.673,53.128,33.988,66.32,40.74,38.737,5.5312,9.8931,10.164,10.03,9.9804
51.163,34.196,76.768,75.988,93.318,23.762,70.246,57.657,-0.92757,65.73,46.007,41.753,71.152,94.218,83.994,93.486,10.024,9.9847,10.081,10.101
51.148,70.944,95.594,79.842,33.182,39.276,54.602,50.774,47.326,55.398,32.528,31.426,71.84,119.66,5.4278,88.348,10.008,9.9817,10.146,10.042
28.261,74.065,84.777,54.916,71.635,108.2,21.056,33.921,5.1684,66.999,71.688,70.214,84.65,39.224,63.76,24.143,9.9477,10.183,9.8955,9.812
1.3302,2.5998,104.43,60.942,30.665,54.158,57.6,35.019,50.129,19.539,59.65,-21.028,40.984,63.229,19.245,18.303,9.8346,9.8758,10.18,10.024
21.007,26.605,-1.0421,81.851,77.494,77.5,43.645,10.048,49.579,19.309,17.216,76.591,48.025,8.0134,75.33,79.002,9.9789,9.9892,9.9138,10.167
61.174,15.696,74.051,52.665,114.9,88.67,56.059,102.44,59.579,40.36,66.824,0.12442,56.679,46.364,40.312,81.937,10.024,9.8573,9.9505,9.898
51.79,63.889,55.66,3.1923,39.402,67.495,40.549,73.336,54.418,-18.636,79.122,-13.242,81.78,22.063,103.07,77.39,9.8613,9.9388,10.011,10.021
67.675,88.568,57.199,55.126,26.538,53.81,65.412,59.551,7.6581,38.083,49.929,41.698,64.798,63.853,44.124,50.8,10.008,9.8656,9.8536,10.043
73.453,38.726,84.91,21.75,13.757,88.879,34.955,-1.4144,65.487,123.11,53.773,89.044,34.355,110.64,70.05,59.371,10.133,10.079,9.9125,9.9713
16.668,68.234,50.339,47.746,84.24,11.828,11.021,87.259,76.08,60.327,62.955,100.13,78.647,48.998,16.241,64.038,10.047,9.8504,9.9018,9.8844
49.551,27.752,68.698,35.534,67.09,86.625,77.288,45.525,50.215,58.556,27.102,91.137,58.369,61.628,37.981,37.097,10.075,9.9634,9.874,9.9853
65.144,36.538,23.556,29.244,75.309,-13.844,79.301,60.216,100.89,43.86,27.593,7.3326,19.926,79.726,60.49,108.64,10.099,9.9055,9.905,10.105
25.219,88.347,55.349,83.991,43.003,11.675,75.174,83.204,15.855,46.87,93.347,77.854,50.939,21.641,-26.758,21.987,10.09,9.8888,9.8968,10.044
93.832,55.983,67.205,38.49,22.94,37.03,1.9312,72.548,99.526,28.282,80.317,33.723,16.034,1.7736,50.623,27.849,10.092,10.182,9.9498,9.9647
76.353,66.697,51.231,49.993,32.334,47.409,63.255,94.933,53.012,91.241,86.352,-25.483,27.71,48.925,28.21,50.881,9.8773,9.8783,9.9632,10.085
38.642,76.413,36.476,52.175,31.432,0.53947,17.439,3.78,12.47,39.013,30.441,84.059,67.871,24.094,36.593,52.445,10.082,9.9738,9.9331,10.047
52.765,18.084,79.848,7.1071,23.429,73.556,76.793,-23.165,47.85,59.541,81.606,16.808,-7.2377,90.419,56.018,17.501,10.206,9.949,9.8095,10.099
68.625,75.28,97.519,85.038,50.402,47.686,78.373,27.108,30.262,22.98,78.497,12.282,7.1015,92.959,105.56,11.66,10.103,10.05,10.179,10.071
30.366,27.307,64.003,45.581,41.524,16.749,80.428,57.644,53.986,23.454,76.315,-1.4963,92.05,29.702,13.981,27.981,9.9468,9.8862,9.8353,9.9917
-6.5806,79.443,14.436,74.032,83.047,13.861,104.53,18.173,91.146,31.749,42.788,40.23,62.713,88.578,40.149,38.936,10.093,9.9718,10.12,10.031
62.885,76.787,50.806,58.144,35.181,20.852,7.1969,37.19,43.866,30.151,53.493,89.472,69.389,10.524,33.054,49.302,9.9045,10.153,10.131,10.074
52.118,90.436,46.98,83.874,74.075,24.63,61.609,41.394,-19.404,5.2277,113.26,6.5464,81.402,61.583,36.395,10.998,10.16,9.9259,9.9521,9.9801
13.685,63.147,-26.029,27.753,19.761,46.161,97.342,71.249,67.804,48.17,64.835,105.6,87.645,51.767,59.883,28.796,9.8121,10.099,9.8788,9.9184
90.935,73.032,41.418,-1.5692,107.66,48.359,50.955,34.953,37.945,6.2124,4.1708,33.632,59.055,49.185,73.076,35.754,10.031,9.9681,10.14,10.083
65.725,36.998,68.954,34.577,55.044,32.224,50.819,41.877,58.076,52.457,44.876,43.661,75.448,33.11,52.475,18.002,9.9113,10.033,10.057,9.9467
48.475,5.7148,71.189,30.826,49.214,47.432,28.966,54.659,49.779,64.877,-8.8595,65.009,27.385,19.034,19.985,79.837,10.054,10.044,9.8919,9.9566
67.089,34.699,-10.567,13.562,37.86,30.352,83.276,63.39,71.531,70.917,71.963,98.133,41.099,40.777,27.83,65.451,9.9824,9.8005,10.009,10.037
52.964,70.683,41.819,84.223,33.895,55.359,57.976,23.932,74.028,77.04,25.215,24.527,40.138,65.188,73.997,39.515,9.9705,10.017,9.8341,9.7994
31.687,36.27,74.579,78.146,35.428,96.97,86.354,32.941,42.243,102.5,46.989,105.46,29.518,59.677,46.652,97.567,9.8552,9.9822,10.188,10.118
-1.4061,53.698,31.009,74.71,39.393,76.118,19.03,20.846,51.611,24.872,63.031,65.987,34.258,81.107,60.453,84.776,9.9745,9.8654,10.066,9.9867
37.142,82.215,70.527,-4.5028,88.735,37.589,25.076,6.1524,52.663,24.62,59.11,8.2737,63.487,31.02,78.857,45.851,10.127,10.033,9.8612,10.065
60.417,97.189,18.916,-2.0371,66.058,54.413,51.264,64.863,50.459,84.519,7.0351,5.2187,43.076,22.195,70.956,80.807,10.075,10.106,10.162,9.9619
20.452,47.687,78.453,96.726,50.248,45.157,55.812,47.441,77.662,92.703,29.497,27.624,54.638,55.284,4.3063,43.413,9.9742,9.8976,9.8263,9.881
19.473,25.042,92.274,52.435,19.799,37.043,21.536,66.732,68.758,36.629,19.598,32.266,38.134,36.682,75.472,35.706,9.9778,10.104,9.8846,10.022
90.594,28.727,74.41,65.708,-0.91774,40.489,61.087,55.681,34.503,29.616,34.338,107.84,51.887,78.382,34.359,24.507,10.062,9.9287,10.056,9.9358
70.456,106.52,44.654,39.716,104.49,83.71,41.655,102.63,46.914,34.691,108.77,4.838,78.75,6.4872,67.697,90.099,10.083,9.8739,10.087,9.865
71.663,-5.4426,48.643,-1.4403,45.643,33.451,88.156,31.065,51.13,6.3587,58.415,139.9,-1.6415,34.492,31.459,96.364,10.091,10.073,10.015,9.9739
-14.457,56.242,30.812,48.322,45.811,55.772,51.661,42.872,32.429,57.545,5.7219,-32.867,90.911,52.776,59.761,82.186,9.9679,10.057,10.212,10.17
33.472,40.299,36.851,42.022,16.044,68.687,57.897,94.052,72.568,69.708,71.005,41.702,67.151,32.996,11.321,45.872,9.8216,10.104,9.962,9.8995
86.4,47.309,68.693,130.45,68.379,18.667,23.153,81.762,13.572,119.49,39.45,38.522,92.739,20.41,96.308,90.485,10.13,9.9854,9.9391,9.9183
60.176,-3.3311,52.468,15.358,22.816,4.3169,-0.25046,-21.008,49.269,39.023,76.717,58.058,81.811,82.181,5.9236,46.845,9.9944,9.9639,10.04,9.9212
-11.337,6.0139,54.52,38.499,76.533,73.355,-19.738,77.837,23.89,45.135,38.737,62.907,12.57,76.757,5.7977,56.336,10.099,10.104,9.8756,10.058
76.629,97.506,75.985,21.006,-20.803,61.7,110.28,97.418,54.012,61.124,51.841,23.26,46.13,100.86,18.336,49.017,10.12,9.8845,9.9682,10.086
52.68,-2.6424,67.459,109.5,62.627,33.812,67.865,55.129,44.338,58.477,87.519,62.477,35.921,69.177,48.529,36.905,10.065,9.9091,10.046,9.9876
81.577,95.48,56.892,71.205,55.504,84.267,94.573,42.061,13.917,117.98,59.818,-1.5964,6.8686,33.4,75.996,58.364,9.9338,9.9844,9.9571,9.8846
-2.3942,40.607,79.587,13.479,65.024,59.605,45.596,59.985,52.837,60.167,90.759,24.32,97.897,41.733,49.96,57.775,9.9328,9.9629,10.001,9.8633
77.174,42.714,51.98,59.648,40.094,37.648,3.1462,15.874,31.932,110.73,44.151,95.471,39.504,60.776,57.903,19.514,10.065,9.9933,9.9307,10.156
37.192,38.966,11.324,11.338,-22.407,36.627,15.859,65.333,54.776,76.389,45.841,78.033,42.803,85.323,20.549,54.581,10.057,9.8849,10.128,9.8589
63.292,22.306,47.251,40.424,21.115,34.785,14.543,10.351,74.55,94.44,62.724,18.836,77.766,44.264,39.415,129.24,9.8951,9.9983,9.9903,9.878
-9.8872,71.055,106.25,141.14,131.45,16.84,-22.133,44.023,81.363,20.471,37.759,95.777,45.963,-0.35038,65.037,64.89,9.8836,10.12,10.169,9.9172
65.904,39.788,43.12,60.146,79.354,132.79,70.563,71.811,51.076,96.162,60.808,44.537,46.195,19.782,117.59,93.996,9.8594,9.9092,9.9224,9.9815
-21.604,61.462,14.7,17.692,26.017,-18.879,21.455,63.998,53.863,23.466,67.092,51.274,63.825,69.384,32.674,58.668,9.7432,9.8444,9.9465,10.049
59.555,78.825,55.786,57.072,64.52,58.28,58.912,-20.349,60.033,89.771,38.709,64.277,69.817,50.142,2.3664,38.458,9.9306,9.9341,9.9773,9.9419
50.17,60.222,36.608,29.809,63.957,50.171,54.352,45.574,55.727,14.977,20.257,55.167,74.471,78.005,15.734,43.802,9.801,10.006,10.061,10.062
51.911,49.065,75.308,19.341,-24.02,11.16,29.97,31.44,95.294,132.43,36.89,119.46,67.697,62.859,64.931,7.3523,10.07,10.009,9.9603,10.024
75.831,89.017,86.083,22.114,40.413,45.583,88.07,37.031,52.25,71.006,41.238,52.051,75.071,7.5107,81.573,26.692,9.9585,10.098,9.9032,9.9371
